City_ID,City,Country,Date,Lat,Lng,Max Temp,Humidity,Cloudiness,Wind Speed
0,Cape Town,ZA,2021-04-30 20:24:00,-33.9258,18.4232,57.2,77,0,10.36
1,Fortuna,US,2021-04-30 20:24:01,40.5982,-124.1573,66.0,82,1,16.11
2,Port Elizabeth,ZA,2021-04-30 20:24:01,-33.918,25.5701,59.0,67,40,13.8
3,Busselton,AU,2021-04-30 20:24:01,-33.65,115.3333,51.01,98,98,3.83
4,Ballina,AU,2021-04-30 20:24:02,-28.8667,153.5667,62.6,94,90,6.91
5,Albany,US,2021-04-30 20:21:00,42.6001,-73.9662,53.01,76,100,1.99
6,Tiksi,RU,2021-04-30 20:20:21,71.6872,128.8694,30.31,83,100,3.44
7,Saskylakh,RU,2021-04-30 20:21:06,71.9167,114.0833,30.97,87,100,9.22
8,Punta Arenas,CL,2021-04-30 20:19:49,-53.15,-70.9167,42.8,93,90,6.91
9,Qaanaaq,GL,2021-04-30 20:24:02,77.484,-69.3632,32.97,68,92,5.64
10,Port Alfred,ZA,2021-04-30 20:24:03,-33.5906,26.891,62.53,78,53,15.19
11,Andenes,NO,2021-04-30 20:23:02,69.3143,16.1194,28.4,86,75,12.66
12,Mpika,ZM,2021-04-30 20:19:09,-11.8343,31.4529,62.01,91,62,3.65
13,Hualmay,PE,2021-04-30 20:24:03,-11.0964,-77.6139,71.6,74,30,7.78
14,Husavik,IS,2021-04-30 20:24:03,66.0449,-17.3389,32.0,93,90,10.36
15,Hobart,AU,2021-04-30 20:20:13,-42.8794,147.3294,48.2,81,75,10.36
16,Newport,GB,2021-04-30 20:21:39,51.5877,-2.9984,45.0,78,85,4.59
17,Tuktoyaktuk,CA,2021-04-30 20:24:04,69.4541,-133.0374,19.4,79,20,10.36
18,Zhuzhou,CN,2021-04-30 20:24:04,27.8333,113.15,66.2,72,0,6.71
19,Nelson Bay,AU,2021-04-30 20:24:05,-32.7167,152.15,63.0,100,6,5.79
20,Hermanus,ZA,2021-04-30 20:24:05,-34.4187,19.2345,57.0,73,0,7.9
21,Mar Del Plata,AR,2021-04-30 20:20:32,-38.0023,-57.5575,70.0,60,0,11.5
22,Barrow,US,2021-04-30 20:24:05,71.2906,-156.7887,21.2,79,90,4.61
23,Ixtapa,MX,2021-04-30 20:21:18,20.7,-105.2,80.6,74,40,12.66
24,Hokitika,NZ,2021-04-30 20:24:06,-42.7167,170.9667,49.19,77,3,4.63
25,Aukra,NO,2021-04-30 20:24:06,62.7925,6.919,41.0,60,75,5.75
26,Ushuaia,AR,2021-04-30 20:24:06,-54.8,-68.3,41.0,81,75,4.61
27,Sao Gabriel Da Cachoeira,BR,2021-04-30 20:24:07,-0.1303,-67.0892,77.0,88,40,5.75
28,Bonavista,CA,2021-04-30 20:19:40,48.6499,-53.1147,50.0,62,100,6.91
29,Chuy,UY,2021-04-30 20:21:58,-33.6971,-53.4616,66.97,60,12,5.03
30,Avarua,CK,2021-04-30 20:24:07,-21.2078,-159.775,80.6,83,75,5.75
31,Houma,US,2021-04-30 20:24:07,29.5958,-90.7195,84.99,65,90,6.91
32,Rikitea,PF,2021-04-30 20:24:08,-23.1203,-134.9692,78.87,77,77,20.09
33,Pierre,US,2021-04-30 20:24:08,44.3683,-100.351,78.01,28,1,21.85
34,Bredasdorp,ZA,2021-04-30 20:24:08,-34.5322,20.0403,50.0,76,0,1.14
35,Asau,RO,2021-04-30 20:24:09,46.4333,26.4,57.99,50,100,5.3
36,Ponta Do Sol,PT,2021-04-30 20:24:09,32.6667,-17.1,59.0,53,89,5.01
37,Bengkulu,ID,2021-04-30 20:21:40,-3.8004,102.2655,74.98,91,92,3.8
38,The Valley,AI,2021-04-30 20:24:09,18.217,-63.0578,84.2,65,20,13.8
39,Beihai,CN,2021-04-30 20:24:10,21.4833,109.1,76.8,77,92,2.24
40,Krasnystaw,PL,2021-04-30 20:24:10,50.9846,23.1742,51.8,62,0,6.91
41,Bom Jesus,BR,2021-04-30 20:24:10,-9.0744,-44.3586,87.91,43,90,5.55
42,Donskoye,RU,2021-04-30 20:24:10,45.4552,41.9741,55.4,88,0,6.71
43,Saravan,AM,2021-04-30 20:24:11,39.7196,45.6483,66.2,59,75,16.11
44,Billings,US,2021-04-30 20:24:11,45.7833,-108.5007,84.99,16,40,13.8
45,Guerrero Negro,MX,2021-04-30 20:24:11,27.9769,-114.0611,85.59,26,0,12.15
46,Dingle,PH,2021-04-30 20:24:12,10.9995,122.6711,75.72,73,100,5.06
47,Kupang,ID,2021-04-30 20:24:12,-10.1667,123.5833,76.32,84,100,6.76
48,Pangnirtung,CA,2021-04-30 20:23:48,66.1451,-65.7125,33.8,86,20,6.91
49,Mataura,NZ,2021-04-30 20:19:59,-46.1927,168.8643,39.99,93,62,3.0
50,Qaqortoq,GL,2021-04-30 20:24:12,60.7167,-46.0333,55.4,26,10,32.21
51,Kavieng,PG,2021-04-30 20:24:13,-2.5744,150.7967,82.11,75,99,6.8
52,Port Pirie,AU,2021-04-30 20:24:13,-33.1833,138.0167,59.0,47,100,4.61
53,Sile,TR,2021-04-30 20:24:13,41.1754,29.6133,68.0,60,0,2.3
54,Kalaiya,NP,2021-04-30 20:24:14,27.0327,85.0022,78.53,41,36,5.46
55,Skeldon,GY,2021-04-30 20:24:14,5.8833,-57.1333,80.19,82,77,6.29
56,East London,ZA,2021-04-30 20:20:32,-33.0153,27.9116,61.99,73,77,12.75
57,Pecanha,BR,2021-04-30 20:24:14,-18.5486,-42.5569,65.34,87,99,4.12
58,Zapadnaya Dvina,RU,2021-04-30 20:24:15,56.259,32.0745,40.86,93,71,11.56
59,Torbay,CA,2021-04-30 20:24:15,47.6666,-52.7314,44.01,75,75,12.66
60,Kodiak,US,2021-04-30 20:24:15,57.79,-152.4072,48.2,43,1,13.8
61,Caruray,PH,2021-04-30 20:24:16,10.3094,119.0128,78.17,79,100,3.27
62,Naze,JP,2021-04-30 20:24:16,28.3667,129.4833,66.6,79,100,14.88
63,Roma,US,2021-04-30 20:24:16,43.2128,-75.4557,46.99,66,90,21.85
64,Srednekolymsk,RU,2021-04-30 20:24:17,67.45,153.6833,14.85,89,15,7.92
65,Verkhnyaya Inta,RU,2021-04-30 20:24:17,65.9811,60.3094,28.33,69,29,10.83
66,Hilo,US,2021-04-30 20:20:52,19.7297,-155.09,82.4,57,75,5.75
67,Molchanovo,RU,2021-04-30 20:24:17,57.5817,83.7692,38.66,82,0,7.43
68,Klaksvik,FO,2021-04-30 20:24:18,62.2266,-6.589,37.4,87,75,4.61
69,Lebu,CL,2021-04-30 20:24:18,-37.6167,-73.65,57.38,84,100,20.65
70,San Patricio,US,2021-04-30 20:24:18,28.017,-97.5169,77.0,88,90,4.61
71,Kamenka,RU,2021-04-30 20:24:18,51.3223,42.7678,51.01,72,98,13.94
72,Airai,TL,2021-04-30 20:24:19,-8.9266,125.4092,56.79,88,76,3.06
73,Valle Del Guamuez,CO,2021-04-30 20:24:19,0.4525,-76.9192,82.4,74,75,4.61
74,Vodnyy,RU,2021-04-30 20:24:19,63.5046,53.4095,36.46,62,100,9.42
75,Camacha,PT,2021-04-30 20:24:20,33.0833,-16.3333,62.6,67,40,12.66
76,Vila Do Maio,CV,2021-04-30 20:24:20,15.1333,-23.2167,71.6,73,40,17.27
77,Yulara,AU,2021-04-30 20:24:20,-25.2406,130.9889,51.8,46,93,5.75
78,Cabo San Lucas,MX,2021-04-30 20:24:21,22.8909,-109.9124,88.0,36,1,9.22
79,General Roca,AR,2021-04-30 20:24:21,-39.0333,-67.5833,66.2,59,0,2.3
80,New Norfolk,AU,2021-04-30 20:24:21,-42.7826,147.0587,46.99,85,43,3.04
81,Marsh Harbour,BS,2021-04-30 20:24:21,26.5412,-77.0636,79.63,65,6,9.64
82,Port Lincoln,AU,2021-04-30 20:24:22,-34.7333,135.8667,67.66,41,100,11.41
83,Sept-Iles,CA,2021-04-30 20:24:22,50.2001,-66.3821,50.0,62,90,12.66
84,Montepuez,MZ,2021-04-30 20:24:22,-13.1256,38.9997,68.56,98,18,3.15
85,Constitucion,CL,2021-04-30 20:20:58,-35.3333,-72.4167,58.24,83,100,10.92
86,Lasa,IT,2021-04-30 20:24:23,46.6166,10.7002,62.6,87,40,4.61
87,San Juan,AR,2021-04-30 20:22:54,-31.5375,-68.5364,79.36,26,6,6.42
88,Thompson,CA,2021-04-30 20:24:23,55.7435,-97.8558,42.8,31,90,4.61
89,Cockburn Town,TC,2021-04-30 20:22:56,21.4612,-71.1419,82.4,61,20,11.5
90,Sipovo,BA,2021-04-30 20:24:24,44.2814,17.0839,48.99,75,99,15.01
91,Dikson,RU,2021-04-30 20:24:24,73.5069,80.5464,4.15,95,75,10.0
92,Oksfjord,NO,2021-04-30 20:24:24,70.2396,22.3479,26.6,93,90,27.63
93,San Quintin,MX,2021-04-30 20:24:24,30.4833,-115.95,75.56,45,0,13.8
94,Clyde River,CA,2021-04-30 20:24:25,70.4692,-68.5914,23.0,100,90,4.61
95,Tuatapere,NZ,2021-04-30 20:21:17,-46.1333,167.6833,39.99,93,100,3.0
96,Sarkand,KZ,2021-04-30 20:24:25,45.41,79.9186,59.94,76,100,14.07
97,Joao Pinheiro,BR,2021-04-30 20:24:26,-17.7425,-46.1725,72.1,68,100,8.63
98,Esperance,AU,2021-04-30 20:20:22,-33.8667,121.9,51.8,87,90,5.75
99,Teyateyaneng,LS,2021-04-30 20:24:26,-29.1472,27.7489,47.19,79,12,2.84
100,Kenai,US,2021-04-30 20:21:35,60.5544,-151.2583,41.0,75,90,6.73
101,Semey,KZ,2021-04-30 20:23:08,50.4111,80.2275,48.7,55,100,5.61
102,Tiarei,PF,2021-04-30 20:24:26,-17.5333,-149.3333,82.4,74,40,10.36
103,Tortoli,IT,2021-04-30 20:24:27,39.9256,9.6572,60.8,94,40,6.91
104,Maputo,MZ,2021-04-30 20:22:59,-25.9653,32.5892,68.0,77,40,16.11
105,Kurumkan,RU,2021-04-30 20:24:27,54.3,110.3,35.13,66,97,1.57
106,Lorengau,PG,2021-04-30 20:24:27,-2.0226,147.2712,79.99,77,100,3.0
107,Norman Wells,CA,2021-04-30 20:24:28,65.282,-126.8329,44.6,36,20,5.75
108,Souillac,MU,2021-04-30 20:24:28,-20.5167,57.5167,77.0,83,20,12.66
109,Bahia Blanca,AR,2021-04-30 20:24:28,-38.7196,-62.2724,72.88,36,1,15.7
110,College,US,2021-04-30 20:24:29,64.8569,-147.8028,35.6,51,75,12.66
111,Vila Velha,BR,2021-04-30 20:24:29,-20.3297,-40.2925,78.01,69,20,12.66
112,Sovetskiy,RU,2021-04-30 20:24:29,61.3614,63.5842,27.07,91,18,4.41
113,Rosario Oeste,BR,2021-04-30 20:24:30,-14.8361,-56.4275,84.43,46,100,3.11
114,Longyearbyen,SJ,2021-04-30 20:24:30,78.2186,15.6401,17.6,67,75,16.11
115,Ucluelet,CA,2021-04-30 20:21:51,48.9329,-125.5528,51.8,87,75,9.22
116,Rocha,UY,2021-04-30 20:22:51,-34.4833,-54.3333,66.38,70,21,4.61
117,Vostok,RU,2021-04-30 20:24:30,46.4856,135.8833,31.66,85,0,1.3
118,Yaan,NG,2021-04-30 20:24:31,7.3833,8.5667,86.54,55,54,9.73
119,Gorontalo,ID,2021-04-30 20:24:31,0.5412,123.0595,74.52,94,27,2.21
120,Lagoa,PT,2021-04-30 20:24:31,39.05,-27.9833,58.69,66,100,6.24
121,Puerto Ayora,EC,2021-04-30 20:24:31,-0.7393,-90.3518,82.4,69,40,14.97
122,Pevek,RU,2021-04-30 20:24:32,69.7008,170.3133,15.44,92,100,11.41
123,San Cristobal,VE,2021-04-30 20:24:32,7.7669,-72.225,73.4,100,75,9.22
124,Senekal,ZA,2021-04-30 20:24:32,-28.3197,27.6208,54.41,63,34,2.73
125,Komsomolsk,UA,2021-04-30 20:24:33,49.0097,33.6455,57.65,75,100,8.59
126,Bambous Virieux,MU,2021-04-30 20:24:33,-20.3428,57.7575,78.01,83,20,12.66
127,Chokurdakh,RU,2021-04-30 20:24:33,70.6333,147.9167,3.88,96,40,4.23
128,Svetlogorsk,BY,2021-04-30 20:24:34,52.6333,29.7333,50.5,93,100,6.08
129,Georgetown,MY,2021-04-30 20:23:50,5.4112,100.3354,77.0,94,40,4.61
130,Jamestown,US,2021-04-30 20:22:33,42.097,-79.2353,46.0,49,1,24.16
131,Hithadhoo,MV,2021-04-30 20:24:34,-0.6,73.0833,84.0,72,85,7.61
132,Atuona,PF,2021-04-30 20:24:34,-9.8,-139.0333,78.87,70,2,4.05
133,Valday,RU,2021-04-30 20:24:35,57.9747,33.2525,34.52,97,100,8.39
134,Harper,LR,2021-04-30 20:24:35,4.375,-7.7169,81.25,76,100,5.86
135,Dunedin,NZ,2021-04-30 20:20:09,-45.8742,170.5036,43.29,84,74,5.32
136,Vidalia,US,2021-04-30 20:24:35,32.2177,-82.4135,84.2,28,1,9.22
137,Poum,NC,2021-04-30 20:24:36,-20.2333,164.0167,74.59,70,57,10.25
138,Bethel,US,2021-04-30 20:24:36,41.3712,-73.414,64.4,34,40,18.41
139,Vaini,TO,2021-04-30 20:20:32,-21.2,-175.2,75.2,94,75,11.5
140,Yellowknife,CA,2021-04-30 20:19:43,62.456,-114.3525,34.0,86,90,10.36
141,Purpe,RU,2021-04-30 20:24:36,64.4803,76.6897,32.0,93,100,1.01
142,Sao Jose Da Coroa Grande,BR,2021-04-30 20:24:37,-8.8978,-35.1478,79.03,78,100,11.23
143,Charcas,MX,2021-04-30 20:24:37,23.1333,-101.1167,79.95,27,51,13.94
144,Chongqing,CN,2021-04-30 20:24:37,29.5628,106.5528,71.6,73,0,2.35
145,Popova,RU,2021-04-30 20:24:38,42.9603,131.7228,37.4,100,90,2.24
146,Kudahuvadhoo,MV,2021-04-30 20:24:38,2.6708,72.8944,83.14,70,4,2.8
147,Aljezur,PT,2021-04-30 20:24:38,37.3191,-8.8033,56.64,62,0,16.11
148,Santa Maria,BR,2021-04-30 20:24:39,-29.6842,-53.8069,78.8,38,0,8.05
149,Flin Flon,CA,2021-04-30 20:24:39,54.7682,-101.865,41.0,56,90,9.22
150,Takoradi,GH,2021-04-30 20:24:39,4.8845,-1.7554,82.4,76,56,7.87
151,Lavrentiya,RU,2021-04-30 20:24:40,65.5833,-171.0,22.19,79,50,3.67
152,Half Moon Bay,US,2021-04-30 20:24:40,37.4636,-122.4286,70.0,82,75,11.5
153,Cartagena,CO,2021-04-30 20:24:40,10.3997,-75.5144,84.2,79,75,6.91
154,Mogadishu,SO,2021-04-30 20:24:41,2.0371,45.3438,82.53,72,100,11.65
155,Arraial Do Cabo,BR,2021-04-30 20:24:41,-22.9661,-42.0278,75.2,64,20,5.75
156,Viseu,PT,2021-04-30 20:24:41,40.661,-7.9097,52.0,73,28,5.01
157,Bogatyr,RU,2021-04-30 20:24:41,53.4298,49.9455,51.8,37,0,13.42
158,San Bartolome De Tirajana,ES,2021-04-30 20:24:42,27.9248,-15.5733,69.01,59,40,18.41
159,Geraldton,AU,2021-04-30 20:24:42,-28.7667,114.6,55.4,58,95,9.22
160,Puerto Suarez,BO,2021-04-30 20:24:42,-18.95,-57.8,87.8,66,92,2.71
161,Iberia,US,2021-04-30 20:20:46,29.9502,-91.7507,82.4,69,1,3.44
162,Ahipara,NZ,2021-04-30 20:24:43,-35.1667,173.1667,62.38,68,88,10.63
163,Pouembout,NC,2021-04-30 20:24:43,-21.1333,164.9,69.15,75,65,4.25
164,Urdoma,RU,2021-04-30 20:24:43,61.7533,48.5442,37.54,87,100,8.41
165,Atar,MR,2021-04-30 20:24:44,20.5169,-13.0499,87.87,17,0,9.1
166,Gonzalez,US,2021-04-30 20:24:44,30.5816,-87.2914,78.01,86,100,3.0
167,Nikolskoye,RU,2021-04-30 20:24:44,59.7035,30.7861,39.2,65,0,8.95
168,Cervo,ES,2021-04-30 20:24:44,43.6702,-7.4101,53.01,79,65,7.16
169,Graaff-Reinet,ZA,2021-04-30 20:24:17,-32.2522,24.5308,48.99,74,5,4.45
170,Bosaso,SO,2021-04-30 20:24:45,11.2842,49.1816,85.41,62,54,3.8
171,Kananga,CD,2021-04-30 20:24:45,-5.8958,22.4178,68.68,93,100,3.11
172,San Luis,AR,2021-04-30 20:24:46,-33.295,-66.3356,72.52,31,87,4.76
173,Padre Paraiso,BR,2021-04-30 20:24:46,-17.0742,-41.4844,68.36,77,99,7.29
174,Komsomolskiy,UZ,2021-04-30 20:24:46,40.4272,71.7189,71.6,40,100,6.91
175,Singaraja,ID,2021-04-30 20:20:03,-8.112,115.0882,77.95,76,31,3.4
176,Aykhal,RU,2021-04-30 20:24:47,66.0,111.5,27.68,98,100,4.79
177,Haines Junction,CA,2021-04-30 20:22:02,60.7522,-137.5108,48.2,34,100,12.66
178,Lompoc,US,2021-04-30 20:24:47,34.6391,-120.4579,71.01,67,40,10.36
179,Mizdah,LY,2021-04-30 20:22:56,31.4451,12.9801,89.08,16,100,6.71
180,Maragogi,BR,2021-04-30 20:24:47,-9.0122,-35.2225,78.48,81,100,10.94
181,Valdivia,CL,2021-04-30 20:24:48,-39.8142,-73.2459,60.8,72,90,6.91
182,Tainan,TW,2021-04-30 20:24:48,22.9908,120.2133,68.0,83,75,2.73
183,Lexington,US,2021-04-30 20:24:48,37.9887,-84.4777,72.0,35,40,13.8
184,La Rioja,ES,2021-04-30 20:24:49,42.25,-2.5,50.0,87,90,5.75
185,Westport,US,2021-04-30 20:24:49,41.1415,-73.3579,64.99,39,90,18.41
186,Mahebourg,MU,2021-04-30 20:24:49,-20.4081,57.7,77.0,83,20,12.66
187,Sao Filipe,CV,2021-04-30 20:24:49,14.8961,-24.4956,72.75,76,47,10.22
188,Sorrento,IT,2021-04-30 20:24:50,40.626,14.3744,72.0,46,0,3.2
189,Asfi,MA,2021-04-30 20:24:50,32.2994,-9.2372,61.83,65,4,8.75
190,Castro,BR,2021-04-30 20:24:50,-24.7911,-50.0119,63.93,61,39,7.9
191,Balabac,PH,2021-04-30 20:24:51,7.9868,117.0645,82.0,78,15,9.35
192,Kamennomostskiy,RU,2021-04-30 20:24:51,44.2983,40.1856,52.41,91,11,4.5
193,Tilichiki,RU,2021-04-30 20:24:51,60.4667,166.1,21.22,92,63,9.4
194,Saint-Francois,FR,2021-04-30 20:24:52,46.4154,3.9054,50.0,71,90,5.75
195,North Platte,US,2021-04-30 20:24:52,41.1239,-100.7654,84.2,23,1,10.36
196,Goma,CD,2021-04-30 20:24:52,-1.6792,29.2228,64.78,90,100,2.68
197,Kismayo,SO,2021-04-30 20:24:53,-0.3582,42.5454,82.06,80,64,12.64
198,Shahr-E Babak,IR,2021-04-30 20:24:53,30.1165,55.1186,59.14,56,100,10.04
199,Pochutla,MX,2021-04-30 20:24:53,15.7432,-96.4661,90.0,62,90,11.5
200,Kaitangata,NZ,2021-04-30 20:24:53,-46.2817,169.8464,45.0,84,57,4.0
201,Japura,ID,2021-04-30 20:24:54,-0.3167,102.35,71.06,95,100,1.36
202,Grindavik,IS,2021-04-30 20:24:54,63.8424,-22.4338,37.4,70,40,24.16
203,Sistranda,NO,2021-04-30 20:24:54,63.7256,8.834,37.4,81,75,3.44
204,Medea,DZ,2021-04-30 20:24:55,36.2642,2.7539,64.4,68,0,4.61
205,Saint-Philippe,RE,2021-04-30 20:24:55,-21.3585,55.7679,75.2,83,40,6.91
206,Bandarbeyla,SO,2021-04-30 20:20:29,9.4942,50.8122,83.1,75,79,7.34
207,Tura,IN,2021-04-30 20:23:58,25.5198,90.2201,75.85,42,24,4.52
208,Victoria,HK,2021-04-30 20:20:08,22.2855,114.1577,77.0,88,100,2.24
209,Takestan,IR,2021-04-30 20:24:56,36.0696,49.6959,59.0,63,0,7.25
210,Jumla,NP,2021-04-30 20:24:56,29.2747,82.1838,48.31,87,73,3.94
211,Pacific Grove,US,2021-04-30 20:24:56,36.6177,-121.9166,60.8,67,20,11.5
212,Butaritari,KI,2021-04-30 20:24:57,3.0707,172.7902,82.65,75,74,11.23
213,Padang,ID,2021-04-30 20:21:25,-0.9492,100.3543,78.66,84,100,3.47
214,Itamaraca,BR,2021-04-30 20:24:57,-7.7478,-34.8256,78.8,78,40,6.91
215,Tasiilaq,GL,2021-04-30 20:24:03,65.6145,-37.6368,32.0,80,50,6.91
216,Christchurch,NZ,2021-04-30 20:20:03,-43.5333,172.6333,50.0,93,90,5.75
217,Cabedelo,BR,2021-04-30 20:24:57,-6.9811,-34.8339,80.6,78,20,10.36
218,Zhezkazgan,KZ,2021-04-30 20:24:58,47.8043,67.7144,48.79,38,2,8.72
219,Manado,ID,2021-04-30 20:24:58,1.487,124.8455,75.2,94,20,1.14
220,Anchorage,US,2021-04-30 20:21:00,61.2181,-149.9003,44.6,29,75,6.91
221,Jiutai,CN,2021-04-30 20:24:58,44.1525,125.8328,35.6,87,12,2.24
222,Gazojak,TM,2021-04-30 20:24:59,41.1875,61.4036,63.09,44,0,16.58
223,Raudeberg,NO,2021-04-30 20:24:59,61.9875,5.1352,41.0,75,15,17.92
224,Namatanai,PG,2021-04-30 20:24:59,-3.6667,152.4333,78.28,81,36,3.53
225,Kapaa,US,2021-04-30 20:20:00,22.0752,-159.319,78.8,65,20,14.97
226,Byron Bay,AU,2021-04-30 20:25:00,-28.65,153.6167,62.6,94,90,6.91
227,Plymouth,US,2021-04-30 20:22:06,41.8334,-70.8328,64.4,45,75,25.32
228,Lata,PT,2021-04-30 20:25:00,40.1629,-8.3327,52.0,73,4,5.01
229,Walvis Bay,NA,2021-04-30 20:24:55,-22.9575,14.5053,60.01,72,0,5.75
230,Pak Chong,TH,2021-04-30 20:21:10,14.708,101.4161,79.0,83,51,2.66
231,Bluff,NZ,2021-04-30 20:25:01,-46.6,168.3333,39.99,93,98,3.0
232,Ribeira Grande,PT,2021-04-30 20:25:01,38.5167,-28.7,60.8,77,75,8.05
233,Nanortalik,GL,2021-04-30 20:20:19,60.1432,-45.2371,42.01,64,10,5.35
234,Saint George,US,2021-04-30 20:25:02,37.1041,-113.5841,91.0,13,1,6.91
235,Maceio,BR,2021-04-30 20:25:03,-9.6658,-35.7353,80.6,78,40,16.11
236,Korla,CN,2021-04-30 20:25:03,41.7597,86.1469,71.24,19,0,1.61
237,North Bend,US,2021-04-30 20:25:03,43.4065,-124.2243,63.0,72,1,10.36
238,Namibe,AO,2021-04-30 20:25:04,-15.1961,12.1522,75.25,77,28,5.46
239,Ilulissat,GL,2021-04-30 20:21:10,69.2167,-51.1,39.2,60,20,4.61
240,Estelle,US,2021-04-30 20:25:04,29.8458,-90.1067,82.99,74,90,8.05
241,Arlit,NE,2021-04-30 20:25:05,18.7369,7.3853,92.26,5,0,9.84
242,Mana,GF,2021-04-30 20:25:05,5.6592,-53.7767,76.23,90,100,8.52
243,Cherskiy,RU,2021-04-30 20:25:05,68.75,161.3,7.9,96,98,1.77
244,Huarmey,PE,2021-04-30 20:25:05,-10.0681,-78.1522,72.43,74,45,10.18
245,Ulladulla,AU,2021-04-30 20:25:06,-35.35,150.4667,54.0,100,3,5.75
246,Salinopolis,BR,2021-04-30 20:25:06,-0.6136,-47.3561,76.24,89,100,0.6
247,Catamarca,AR,2021-04-30 20:25:06,-28.4696,-65.7852,75.99,57,20,4.0
248,Yalta,UA,2021-04-30 20:25:07,44.5,34.1667,52.0,80,46,2.8
249,Amahai,ID,2021-04-30 20:22:10,-3.3333,128.9167,78.35,81,98,2.04
250,Saint-Augustin,CA,2021-04-30 20:25:07,51.226,-58.6502,43.66,72,94,10.83
251,Comodoro Rivadavia,AR,2021-04-30 20:25:08,-45.8667,-67.5,68.0,45,0,12.66
252,Kortkeros,RU,2021-04-30 20:25:08,61.8106,51.5806,35.6,80,0,8.39
253,Leningradskiy,RU,2021-04-30 20:25:08,69.3833,178.4167,16.92,88,100,21.83
254,Kiruna,SE,2021-04-30 20:25:09,67.8557,20.2251,21.2,73,98,11.5
255,Bubaque,GW,2021-04-30 20:25:09,11.2833,-15.8333,78.71,71,15,20.33
256,Praia Da Vitoria,PT,2021-04-30 20:25:09,38.7333,-27.0667,61.0,63,20,2.57
257,Taltal,CL,2021-04-30 20:20:20,-25.4,-70.4833,66.6,72,99,6.89
258,Yauya,PE,2021-04-30 20:25:10,-8.9833,-77.3,59.54,49,87,7.18
259,Gizo,SB,2021-04-30 20:24:32,-8.103,156.8419,81.37,76,82,6.71
260,Saint Anthony,US,2021-04-30 20:25:10,45.0205,-93.218,61.0,26,1,2.62
261,Ostrovnoy,RU,2021-04-30 20:21:08,68.0531,39.5131,17.37,89,58,7.43
262,Ponta Pora,BR,2021-04-30 20:25:11,-22.5361,-55.7256,75.2,46,0,6.91
263,Benito Juarez,MX,2021-04-30 20:25:11,19.385,-99.165,78.8,31,40,18.41
264,Khatanga,RU,2021-04-30 20:25:11,71.9667,102.5,29.91,94,99,8.43
265,Bellevue,US,2021-04-30 20:21:15,47.6104,-122.2007,60.8,77,75,13.8
266,Vagur,FO,2021-04-30 20:25:12,61.4732,-6.8119,38.98,71,99,9.15
267,Pandan,PH,2021-04-30 20:25:12,14.0453,124.1694,75.07,80,10,3.96
268,Taoudenni,ML,2021-04-30 20:25:12,22.6783,-3.9836,77.18,56,91,34.43
269,Straumen,NO,2021-04-30 20:25:13,63.8709,11.2999,39.2,70,75,9.22
270,Twin Falls,US,2021-04-30 20:25:13,42.3505,-114.6445,82.4,17,1,11.5
271,Mehamn,NO,2021-04-30 20:25:13,71.0357,27.8492,32.0,80,75,11.5
272,Severo-Kurilsk,RU,2021-04-30 20:25:14,50.6789,156.125,35.01,94,100,20.69
273,Nola,IT,2021-04-30 20:25:14,40.922,14.5329,69.8,49,0,3.44
274,Ancud,CL,2021-04-30 20:25:14,-41.8697,-73.8203,55.99,94,90,17.27
275,Santa Marta,CO,2021-04-30 20:25:14,11.2408,-74.199,91.0,59,29,12.55
276,Tsaratanana,MG,2021-04-30 20:25:15,-16.7833,47.65,73.06,79,0,8.48
277,Kungurtug,RU,2021-04-30 20:22:06,50.5994,97.5228,36.5,95,99,1.79
278,Yantzaza,EC,2021-04-30 20:25:15,-3.8278,-78.7594,73.96,91,63,2.08
279,Mount Isa,AU,2021-04-30 20:23:40,-20.7333,139.5,62.6,63,0,4.61
280,Kuching,MY,2021-04-30 20:25:16,1.55,110.3333,75.0,100,20,1.74
281,Vanimo,PG,2021-04-30 20:25:16,-2.6741,141.3028,77.67,88,100,5.12
282,Turukhansk,RU,2021-04-30 20:25:16,65.8167,87.9833,35.35,79,100,14.41
283,Sitka,US,2021-04-30 20:25:17,57.0531,-135.33,46.4,87,90,4.61
284,Pekan,MY,2021-04-30 20:25:17,3.4836,103.3996,75.2,94,20,4.92
285,Mayor Pablo Lagerenza,PY,2021-04-30 20:25:17,-19.9309,-60.7718,85.1,29,0,8.48
286,Corinth,GR,2021-04-30 20:25:17,37.9407,22.9573,66.99,71,99,3.8
287,Noumea,NC,2021-04-30 20:25:18,-22.2763,166.4572,75.0,68,0,2.3
288,Darab,IR,2021-04-30 20:25:18,28.7519,54.5444,69.48,48,100,2.39
289,Caravelas,BR,2021-04-30 20:22:41,-17.7125,-39.2481,73.0,86,96,13.47
290,Monaghan,IE,2021-04-30 20:25:19,54.25,-6.9667,41.0,60,0,4.61
291,Alice Springs,AU,2021-04-30 20:25:19,-23.7,133.8833,50.0,57,49,3.44
292,Labytnangi,RU,2021-04-30 20:25:19,66.6572,66.4183,10.35,89,98,4.52
293,Te Anau,NZ,2021-04-30 20:25:19,-45.4167,167.7167,38.26,94,100,0.89
294,Nerchinskiy Zavod,RU,2021-04-30 20:25:20,51.3088,119.61,30.97,91,62,4.36
295,Ust-Nera,RU,2021-04-30 20:25:20,64.5667,143.2,30.72,96,97,2.19
296,San Isidro,PE,2021-04-30 20:25:20,-12.1167,-77.05,72.0,77,40,10.36
297,Teahupoo,PF,2021-04-30 20:25:21,-17.8333,-149.2667,82.4,74,40,10.36
298,Orlik,RU,2021-04-30 20:25:21,52.5178,99.825,35.08,98,100,2.01
299,Yozgat,TR,2021-04-30 20:24:37,39.5833,35.3333,53.22,71,67,2.37
300,Belyy Yar,RU,2021-04-30 20:25:21,53.6039,91.3903,37.4,75,0,2.24
301,Bafra,TR,2021-04-30 20:25:22,41.5678,35.9069,61.0,87,75,2.3
302,Salta,AR,2021-04-30 20:21:06,-24.7859,-65.4117,68.0,52,0,9.22
303,Lancaster,US,2021-04-30 20:25:22,40.2504,-76.2499,64.4,29,90,35.68
304,Martapura,ID,2021-04-30 20:25:23,-3.4167,114.85,77.0,94,20,3.44
305,Shakawe,BW,2021-04-30 20:25:23,-18.3667,21.85,69.04,58,65,3.36
306,Aban,RU,2021-04-30 20:25:23,56.67,96.06,35.83,89,4,6.26
307,Mocuba,MZ,2021-04-30 20:24:49,-16.8392,36.9856,71.78,97,0,3.47
308,Ugoofaaru,MV,2021-04-30 20:25:24,5.6667,73.0,83.52,75,39,5.77
309,Mayumba,GA,2021-04-30 20:25:24,-3.432,10.6554,79.48,87,100,4.79
310,Magdagachi,RU,2021-04-30 20:25:24,53.45,125.8,32.16,78,100,2.55
311,Villarrica,PY,2021-04-30 20:25:25,-25.75,-56.4333,78.42,39,0,4.7
312,Nome,US,2021-04-30 20:25:25,64.5011,-165.4064,24.01,63,1,3.44
313,Wellington,NZ,2021-04-30 20:21:11,-41.2866,174.7756,53.6,71,90,18.41
314,Camana,PE,2021-04-30 20:25:25,-16.6228,-72.7111,70.02,72,18,9.82
315,Propria,BR,2021-04-30 20:25:26,-10.2111,-36.8403,78.15,79,26,9.62
316,Richards Bay,ZA,2021-04-30 20:25:26,-28.783,32.0377,65.21,87,99,15.82
317,Ust-Kuyga,RU,2021-04-30 20:25:26,70.0167,135.6,29.68,91,98,3.04
318,Galiakot,IN,2021-04-30 20:25:27,23.5167,74.0,90.72,26,100,2.68
319,Shimoda,JP,2021-04-30 20:25:27,34.6667,138.95,61.0,79,0,11.79
320,Kruisfontein,ZA,2021-04-30 20:25:27,-34.0033,24.7314,55.99,72,0,1.01
321,Ornskoldsvik,SE,2021-04-30 20:25:28,63.2909,18.7153,33.8,64,75,5.75
322,Northam,GB,2021-04-30 20:25:28,51.0333,-4.2167,42.01,81,28,1.99
323,Kilis,TR,2021-04-30 20:24:39,36.7161,37.115,68.0,40,0,10.36
324,Karatau,KZ,2021-04-30 20:25:29,43.1667,70.4667,52.27,73,100,6.33
325,Paamiut,GL,2021-04-30 20:25:29,61.994,-49.6678,37.47,83,0,5.97
326,Batagay-Alyta,RU,2021-04-30 20:25:30,67.8006,130.4114,24.12,94,99,1.66
327,Jishou,CN,2021-04-30 20:25:30,28.3167,109.7167,68.16,76,79,1.5
328,Nova Olinda Do Norte,BR,2021-04-30 20:25:30,-3.8881,-59.0942,85.41,66,91,1.14
329,Meulaboh,ID,2021-04-30 20:25:31,4.1363,96.1285,77.0,88,53,3.89
330,Kawalu,ID,2021-04-30 20:25:31,-7.3817,108.2082,72.12,95,89,2.48
331,Macau,MO,2021-04-30 20:25:31,22.2006,113.5461,75.2,88,20,3.44
332,Saquena,PE,2021-04-30 20:25:32,-4.6667,-73.5167,79.02,92,37,3.6
333,Bandar-E Lengeh,IR,2021-04-30 20:25:32,26.5579,54.8807,81.23,60,84,11.74
334,Chernenko,RU,2021-04-30 20:23:15,44.365,39.3103,50.49,86,40,4.25
335,Mujiayingzi,CN,2021-04-30 20:25:32,42.1167,118.7833,40.62,42,100,10.07
336,Aborlan,PH,2021-04-30 20:25:33,9.4352,118.5492,78.39,79,100,2.75
337,Vao,NC,2021-04-30 20:25:33,-22.6667,167.4833,74.53,64,97,18.99
338,Carnarvon,AU,2021-04-30 20:21:30,-24.8667,113.6333,64.4,59,78,10.36
339,Bima,ID,2021-04-30 20:25:33,-8.4667,118.7167,75.04,95,10,1.81
340,Necochea,AR,2021-04-30 20:25:34,-38.5473,-58.7368,71.01,51,0,11.01
341,San Felipe,VE,2021-04-30 20:25:34,10.3399,-68.7425,81.91,66,100,4.74
342,Piacabucu,BR,2021-04-30 20:25:34,-10.4056,-36.4344,78.84,79,15,11.25
343,Kavaratti,IN,2021-04-30 20:25:35,10.5669,72.642,84.29,74,14,5.95
344,Filadelfia,US,2021-04-30 20:25:22,39.9523,-75.1638,69.01,28,75,24.16
345,Umm Lajj,SA,2021-04-30 20:25:35,25.0213,37.2685,85.86,38,0,6.51
346,Mounana,GA,2021-04-30 20:25:35,-1.4085,13.1586,72.14,96,92,0.18
347,Hailar,CN,2021-04-30 20:25:36,49.2,119.7,34.25,76,75,6.13
348,Lichuan,CN,2021-04-30 20:25:36,30.3,108.85,57.69,80,0,0.43
349,Portland,US,2021-04-30 20:25:36,45.5234,-122.6762,66.2,52,75,5.75
350,Lillooet,CA,2021-04-30 20:25:37,50.6856,-121.942,66.2,39,1,16.11
351,Margate,GB,2021-04-30 20:25:37,51.3813,1.3862,46.0,70,35,4.5
352,Gazli,UZ,2021-04-30 20:25:37,40.1333,63.45,63.01,48,34,20.83
353,Hasaki,JP,2021-04-30 20:25:37,35.7333,140.8333,51.8,93,20,2.3
354,Honningsvag,NO,2021-04-30 20:25:38,70.9821,25.9704,28.4,93,90,31.07
355,Rawson,AR,2021-04-30 20:23:16,-43.3002,-65.1023,71.1,28,100,3.74
356,Faya,SA,2021-04-30 20:25:38,18.3851,42.4509,62.6,88,20,5.75
357,Peleduy,RU,2021-04-30 20:25:38,59.6289,112.7406,20.82,97,45,2.3
358,Baykit,RU,2021-04-30 20:25:39,61.67,96.37,29.98,99,86,2.53
359,Port Moresby,PG,2021-04-30 20:25:39,-9.4431,147.1797,71.6,100,20,2.3
360,Evensk,RU,2021-04-30 20:25:39,61.95,159.2333,27.41,78,62,10.56
361,Kodinsk,RU,2021-04-30 20:25:40,58.6881,99.1844,29.84,97,59,3.47
362,Longhua,CN,2021-04-30 20:25:40,23.6137,114.1919,68.9,72,95,0.83
363,San Carlos De Bariloche,AR,2021-04-30 20:25:40,-41.1456,-71.3082,63.0,51,75,6.91
364,Fairbanks,US,2021-04-30 20:21:08,64.8378,-147.7164,35.6,60,90,13.8
365,Sangmelima,CM,2021-04-30 20:25:41,2.9333,11.9833,69.31,97,66,3.42
366,Puerto Escondido,MX,2021-04-30 20:23:21,15.85,-97.0667,86.0,70,40,6.91
367,Pisco,PE,2021-04-30 20:24:40,-13.7,-76.2167,73.4,68,0,16.11
368,Zhigansk,RU,2021-04-30 20:25:41,66.7697,123.3711,31.3,85,100,4.03
369,Palana,RU,2021-04-30 20:25:41,59.1167,159.9667,28.6,95,85,6.51
370,Sambava,MG,2021-04-30 20:25:42,-14.2667,50.1667,75.96,90,8,8.23
371,At-Bashi,KG,2021-04-30 20:25:42,41.1702,75.8106,52.41,59,84,3.4
372,Coquimbo,CL,2021-04-30 20:25:42,-29.9533,-71.3436,62.6,72,0,12.66
373,Ukiah,US,2021-04-30 20:22:15,39.1502,-123.2078,80.6,28,1,3.44
374,Galesong,ID,2021-04-30 20:25:43,-5.3166,119.3661,71.6,88,20,2.3
375,Jawhar,SO,2021-04-30 20:25:43,2.7809,45.5005,79.66,75,28,9.64
376,Miri,MY,2021-04-30 20:25:43,4.4148,114.0089,77.0,94,40,5.75
377,Kutum,SD,2021-04-30 20:25:44,14.2,24.6667,82.13,14,82,8.14
378,Weihe,CN,2021-04-30 20:25:44,32.9952,105.3247,56.98,72,0,3.38
379,Muroto,JP,2021-04-30 20:25:44,33.2833,134.15,62.46,64,68,3.11
380,Upernavik,GL,2021-04-30 20:25:44,72.7868,-56.1549,34.09,78,100,5.95
381,Storforshei,NO,2021-04-30 20:25:45,66.4043,14.5233,32.0,69,40,8.05
382,Katobu,ID,2021-04-30 20:25:45,-4.9408,122.5276,72.66,88,7,3.24
383,San Antonio,US,2021-04-30 20:25:45,29.4241,-98.4936,73.0,83,75,13.8
384,Dolores Hidalgo,MX,2021-04-30 20:25:46,21.1561,-100.9308,86.0,28,97,5.01
385,Mount Gambier,AU,2021-04-30 20:25:46,-37.8333,140.7667,57.2,54,100,9.22
386,Bireun,ID,2021-04-30 20:25:46,5.203,96.7009,77.77,86,96,4.14
387,Bollnas,SE,2021-04-30 20:25:46,61.3482,16.3946,33.01,53,16,3.91
388,Broome,US,2021-04-30 20:21:48,42.2506,-75.833,54.0,50,75,21.85
389,Skelleftea,SE,2021-04-30 20:25:47,64.7507,20.9528,34.0,100,90,1.14
390,Tukrah,LY,2021-04-30 20:25:47,32.5341,20.5791,82.27,25,14,6.2
391,Omboue,GA,2021-04-30 20:25:48,-1.5746,9.2618,78.85,86,100,4.59
392,Oriximina,BR,2021-04-30 20:25:48,-1.7656,-55.8661,84.6,73,83,3.47
393,Vilyuysk,RU,2021-04-30 20:25:48,63.7553,121.6247,30.18,97,100,5.91
394,Muzhi,RU,2021-04-30 20:25:48,65.3667,64.6667,13.17,90,72,3.27
395,Saldanha,ZA,2021-04-30 20:25:49,-33.0117,17.9442,55.4,67,0,8.05
396,Moussoro,TD,2021-04-30 20:25:49,13.6408,16.4901,89.33,4,0,10.29
397,Williams Lake,CA,2021-04-30 20:25:49,52.1415,-122.1445,59.0,44,75,6.91
398,Avera,US,2021-04-30 20:22:06,33.194,-82.5271,82.4,34,1,11.5
399,Talnakh,RU,2021-04-30 20:25:50,69.4865,88.3972,16.05,81,15,3.31
400,Tevriz,RU,2021-04-30 20:25:50,57.509,72.4042,38.1,67,66,7.56
401,Terney,RU,2021-04-30 20:25:50,45.0503,136.6092,37.27,86,0,3.36
402,Awbari,LY,2021-04-30 20:25:51,26.5921,12.7805,89.69,7,0,11.23
403,Lundazi,ZM,2021-04-30 20:25:51,-12.2929,33.1782,64.09,85,85,5.41
404,Krasnoselkup,RU,2021-04-30 20:21:47,65.7,82.4667,33.1,97,100,13.62
405,Yanam,IN,2021-04-30 20:25:51,16.7333,82.2167,77.14,83,2,2.26
406,Santa Rosa,PH,2021-04-30 20:25:52,14.3122,121.1114,82.4,69,40,2.3
407,Fort Nelson,CA,2021-04-30 20:25:52,58.8053,-122.7002,59.0,25,75,19.57
408,Beringovskiy,RU,2021-04-30 20:24:21,63.05,179.3167,25.07,82,100,9.22
409,Praia,CV,2021-04-30 20:21:31,14.9215,-23.5087,71.6,73,40,17.27
410,Yibin,CN,2021-04-30 20:25:52,28.7667,104.6238,73.33,69,100,1.79
411,Saint-Pierre,RE,2021-04-30 20:25:53,-21.3393,55.4781,75.2,83,11,6.91
412,Cananea,MX,2021-04-30 20:25:53,30.95,-110.3,72.0,27,5,1.01
413,Nyanza,RW,2021-04-30 20:25:53,-2.3519,29.7509,66.2,94,40,1.86
414,Olafsvik,IS,2021-04-30 20:25:54,64.8945,-23.7142,35.56,62,66,28.12
415,Deputatskiy,RU,2021-04-30 20:25:54,69.3,139.9,18.54,97,96,1.43
416,Okha,RU,2021-04-30 20:25:54,53.5739,142.9478,30.85,87,100,7.67
417,Barra Patuca,HN,2021-04-30 20:25:55,15.8,-84.2833,85.95,60,6,14.25
418,Batemans Bay,AU,2021-04-30 20:25:55,-35.7167,150.1833,54.0,96,7,4.0
419,La Ferte-Bernard,FR,2021-04-30 20:25:55,48.1863,0.6536,50.0,76,90,3.44
420,Pitimbu,BR,2021-04-30 20:25:56,-7.4706,-34.8086,80.6,78,20,10.36
421,Banyo,CM,2021-04-30 20:24:05,6.75,11.8167,74.91,64,100,3.27
422,Katherine,AU,2021-04-30 20:25:56,-14.4667,132.2667,62.6,82,0,4.61
423,Keti Bandar,PK,2021-04-30 20:25:56,24.1447,67.4497,82.6,76,100,11.16
424,Otradnoye,RU,2021-04-30 20:25:57,59.7775,30.8181,39.2,65,0,8.95
425,Mihail Kogalniceanu,RO,2021-04-30 20:25:57,44.3667,28.45,51.8,100,73,3.44
426,Masterton,NZ,2021-04-30 20:25:57,-40.9597,175.6575,54.0,69,99,5.99
427,Coihaique,CL,2021-04-30 20:25:06,-45.5752,-72.0662,55.4,71,75,3.44
428,Aland,IN,2021-04-30 20:25:58,17.5667,76.5667,90.19,25,86,6.53
429,Marsa Matruh,EG,2021-04-30 20:25:58,31.3525,27.2453,69.8,60,0,8.05
430,Hamilton,US,2021-04-30 20:25:30,39.1834,-84.5333,69.01,33,2,5.99
431,Henties Bay,NA,2021-04-30 20:25:59,-22.116,14.2845,60.01,89,0,1.01
432,Aksu,CN,2021-04-30 20:25:59,41.1231,80.2644,69.46,13,0,4.12
433,Starodzhereliyevskaya,RU,2021-04-30 20:25:59,45.476,38.2968,59.0,74,12,1.01
434,Madera,US,2021-04-30 20:24:05,37.1666,-119.8343,84.99,28,58,1.99
435,Leh,IN,2021-04-30 20:26:00,34.1667,77.5833,38.98,44,77,2.33
436,Moron,AR,2021-04-30 20:22:46,-34.6534,-58.6198,73.99,49,0,4.0
437,Kharitonovo,RU,2021-04-30 20:26:00,61.4009,47.4978,37.8,96,100,8.84
438,Dubbo,AU,2021-04-30 20:26:00,-32.25,148.6167,50.0,93,0,9.22
439,Sabang,ID,2021-04-30 20:26:01,5.8933,95.3214,82.56,73,95,4.05
440,Provideniya,RU,2021-04-30 20:26:01,64.3833,-173.3,28.71,59,99,0.81
441,Kalawit,PH,2021-04-30 20:26:01,8.0667,122.5167,78.82,84,100,4.23
442,Cidreira,BR,2021-04-30 20:26:02,-30.1811,-50.2056,69.44,70,0,14.58
443,Road Town,VG,2021-04-30 20:26:02,18.4167,-64.6167,82.4,65,40,10.36
444,Porto Belo,BR,2021-04-30 20:26:02,-27.1578,-48.5531,73.4,60,20,5.75
445,Doha,QA,2021-04-30 20:22:54,25.2867,51.5333,82.4,65,0,6.91
446,Sisimiut,GL,2021-04-30 20:26:03,66.9395,-53.6735,38.48,72,21,4.5
447,Kalmunai,LK,2021-04-30 20:26:03,7.4167,81.8167,79.84,84,91,6.62
448,Lengshuijiang,CN,2021-04-30 20:26:03,27.6881,111.4294,67.03,73,48,2.68
449,Kolobrzeg,PL,2021-04-30 20:26:04,54.1757,15.5834,43.0,84,98,4.0
450,Bull Savanna,JM,2021-04-30 20:26:04,17.8868,-77.5902,81.03,64,35,14.7
451,Yekaterinoslavka,RU,2021-04-30 20:26:04,50.3734,129.1139,42.6,78,99,6.2
452,Chumikan,RU,2021-04-30 20:26:04,54.7183,135.315,28.65,97,100,8.77
453,Leeton,AU,2021-04-30 20:26:05,-34.5667,146.4,51.8,76,0,2.3
454,Acajutla,SV,2021-04-30 20:22:54,13.5928,-89.8275,89.6,43,40,2.3
455,Myitkyina,MM,2021-04-30 20:26:05,25.3833,97.4,68.61,93,100,1.45
456,Puerto Baquerizo Moreno,EC,2021-04-30 20:22:33,-0.9,-89.6,82.4,69,40,10.36
457,Jiuquan,CN,2021-04-30 20:26:06,39.7432,98.5174,63.36,11,100,4.72
458,Uribia,CO,2021-04-30 20:26:06,11.7139,-72.266,85.89,55,92,6.44
459,Balkhash,KZ,2021-04-30 20:26:07,46.844,74.9804,50.88,70,100,20.27
460,Burnie,AU,2021-04-30 20:26:08,-41.0667,145.9167,51.01,93,85,3.0
461,Camargo,MX,2021-04-30 20:26:08,27.6667,-105.1667,58.55,62,100,12.88
462,Vyara,IN,2021-04-30 20:26:08,21.1167,73.4,84.4,50,76,7.29
463,Panguipulli,CL,2021-04-30 20:26:09,-39.6333,-72.3333,60.8,72,90,6.91
464,Valdosta,US,2021-04-30 20:23:50,30.8327,-83.2785,87.8,48,20,4.61
465,Varnavino,RU,2021-04-30 20:26:09,57.4035,45.0916,50.27,69,100,18.68
466,Iqaluit,CA,2021-04-30 20:21:36,63.7506,-68.5145,35.6,75,90,16.11
467,Sinnamary,GF,2021-04-30 20:26:09,5.3833,-52.95,75.06,92,100,4.59
468,Tecpan,GT,2021-04-30 20:26:10,14.7623,-90.9947,78.8,53,40,13.8
469,Panaba,MX,2021-04-30 20:21:23,21.2833,-88.2667,95.7,31,0,13.87
470,Petropavlovsk-Kamchatskiy,RU,2021-04-30 20:26:10,53.0452,158.6483,35.6,93,90,4.47
471,Balkanabat,TM,2021-04-30 20:26:10,39.5108,54.3671,74.37,46,36,8.19
472,Chenghai,CN,2021-04-30 20:26:11,23.4632,116.768,69.8,83,100,2.24
473,Arandis,NA,2021-04-30 20:26:11,-22.4167,14.9667,60.01,89,0,1.01
474,Zunyi,CN,2021-04-30 20:26:11,27.6867,106.9072,65.98,82,100,1.66
475,Alofi,NU,2021-04-30 20:23:36,-19.0595,-169.9187,82.4,83,75,4.61
476,Sinjar,IQ,2021-04-30 20:26:12,36.3209,41.8754,72.81,40,1,7.25
477,Matola,MZ,2021-04-30 20:26:12,-25.9622,32.4589,68.0,77,40,16.11
478,Maraa,BR,2021-04-30 20:26:12,-1.8333,-65.3667,82.27,75,80,1.07
479,Aketi,CD,2021-04-30 20:26:13,2.7388,23.7833,69.94,97,100,7.56
480,Bathsheba,BB,2021-04-30 20:26:13,13.2167,-59.5167,82.4,54,40,16.11
481,Moose Factory,CA,2021-04-30 20:26:13,51.2585,-80.6094,32.0,64,90,13.8
482,Qena,EG,2021-04-30 20:26:14,26.1615,32.7183,93.2,11,0,3.44
483,Ingham,US,2021-04-30 20:26:14,42.6,-84.3833,55.0,32,40,16.11
484,Mackay,AU,2021-04-30 20:26:14,-21.15,149.2,66.2,88,21,10.36
485,Raga,SS,2021-04-30 20:26:14,8.4596,25.678,79.36,47,58,2.48
486,Chicama,PE,2021-04-30 20:26:15,-7.8447,-79.1469,66.2,88,75,9.22
487,Jalu,LY,2021-04-30 20:23:36,29.0331,21.5482,89.46,10,0,10.47
488,Charters Towers,AU,2021-04-30 20:26:15,-20.1,146.2667,62.42,91,20,7.56
489,Kamaishi,JP,2021-04-30 20:26:15,39.2667,141.8833,45.37,81,3,6.89
490,Nemuro,JP,2021-04-30 20:26:16,43.3236,145.575,38.1,77,92,25.23
491,Patan,NP,2021-04-30 20:26:16,27.6667,85.3333,60.8,82,75,2.3
492,Ribeira Brava,PT,2021-04-30 20:26:16,32.65,-17.0667,59.0,76,89,5.99
493,Novikovo,RU,2021-04-30 20:26:17,51.1537,37.8879,54.54,81,83,10.47
494,Kibala,TD,2021-04-30 20:26:17,9.1104,18.3463,91.4,40,0,5.7
495,Chingirlau,KZ,2021-04-30 20:26:17,51.095,54.0814,50.56,48,100,6.69
496,Awjilah,LY,2021-04-30 20:26:18,29.1081,21.2869,90.05,11,0,10.18
497,Lahaina,US,2021-04-30 20:26:18,20.8783,-156.6825,78.8,94,75,16.11
498,Koch Bihar,IN,2021-04-30 20:26:18,26.3167,89.4333,79.38,39,84,4.45
499,Banda Aceh,ID,2021-04-30 20:26:18,5.5577,95.3222,78.94,82,80,4.72
500,Shishou,CN,2021-04-30 20:26:19,29.7226,112.419,68.68,74,0,4.56
501,Laguna,US,2021-04-30 20:26:19,38.421,-121.4238,84.99,28,75,8.05
502,Roald,NO,2021-04-30 20:26:19,62.5833,6.1333,37.4,75,75,8.05
503,Basco,PH,2021-04-30 20:26:20,20.4487,121.9702,78.62,78,0,7.54
504,Jiaocheng,CN,2021-04-30 20:26:20,24.6774,116.1389,66.92,69,100,0.34
505,Tucuman,AR,2021-04-30 20:26:20,-26.8241,-65.2226,78.8,41,20,8.05
506,Hobyo,SO,2021-04-30 20:26:21,5.3505,48.5268,84.42,66,15,10.42
507,Sadovoye,RU,2021-04-30 20:26:21,47.7764,44.5089,52.12,86,40,6.78
508,Manaure,CO,2021-04-30 20:26:22,11.7751,-72.4445,82.36,68,68,13.24
509,Balykshi,KZ,2021-04-30 20:26:22,47.0667,51.8667,50.0,40,0,8.95
510,Kalyan,IN,2021-04-30 20:26:22,19.25,73.15,86.0,74,40,4.61
511,Mandurah,AU,2021-04-30 20:25:04,-32.55,115.7,55.99,76,28,7.67
512,Tingo Maria,PE,2021-04-30 20:26:23,-9.2895,-76.0088,84.2,54,40,5.75
513,Elizabeth City,US,2021-04-30 20:26:23,36.2946,-76.2511,78.01,31,20,16.11
514,Degtyarsk,RU,2021-04-30 20:26:24,56.704,60.0879,28.4,86,0,2.24
515,Flinders,AU,2021-04-30 20:26:24,-34.5833,150.8552,55.99,88,1,1.01
516,Qujing,CN,2021-04-30 20:26:24,25.4833,103.7833,58.24,86,100,4.07
517,Biryusinsk,RU,2021-04-30 20:26:25,55.9634,97.8235,32.14,94,7,4.5
518,Townsville,AU,2021-04-30 20:26:25,-19.25,146.8,66.2,88,99,5.75
519,Tahta,EG,2021-04-30 20:26:25,26.7693,31.5021,93.2,9,0,5.75
520,Yar-Sale,RU,2021-04-30 20:26:26,66.8333,70.8333,25.38,93,100,12.8
521,Cotonou,BJ,2021-04-30 20:26:26,6.3654,2.4183,84.2,79,20,11.5
522,Ponta Delgada,PT,2021-04-30 20:26:26,37.7333,-25.6667,59.0,63,40,9.22
523,Slantsy,RU,2021-04-30 20:26:26,59.1182,28.0914,33.28,72,1,4.74
524,Berlevag,NO,2021-04-30 20:23:36,70.8578,29.0864,26.6,86,40,21.09
525,San Lawrenz,MT,2021-04-30 20:26:27,36.0553,14.204,68.0,82,0,5.75
526,Waitati,NZ,2021-04-30 20:26:27,-45.75,170.5667,41.63,87,86,3.91
527,Narsaq,GL,2021-04-30 20:26:27,60.9167,-46.05,55.4,26,7,32.21
528,Rio Gallegos,AR,2021-04-30 20:26:28,-51.6226,-69.2181,50.0,81,20,3.44
529,Port Hardy,CA,2021-04-30 20:26:28,50.6996,-127.4199,53.6,87,75,8.05
530,Ust-Ilimsk,RU,2021-04-30 20:26:28,58.0006,102.6619,35.64,85,90,9.8
531,Tigil,RU,2021-04-30 20:26:29,57.8,158.6667,34.32,87,100,3.4
532,Huntsville,US,2021-04-30 20:25:10,34.7304,-86.5861,77.0,35,40,9.22
533,Egvekinot,RU,2021-04-30 20:22:38,66.3167,-179.1667,19.78,91,99,0.43
534,Odweyne,SO,2021-04-30 20:26:29,9.4092,45.064,75.9,63,60,3.4
535,Batasan,PH,2021-04-30 20:26:29,12.7667,120.7833,79.75,72,71,3.96
536,Jiguani,CU,2021-04-30 20:26:30,20.3667,-76.4272,93.2,38,40,12.66
537,Aventura,US,2021-04-30 20:22:31,25.9565,-80.1392,90.0,55,90,10.36
538,Rustenburg,ZA,2021-04-30 20:26:30,-25.6676,27.2421,59.88,58,0,3.36
539,Merauke,ID,2021-04-30 20:25:06,-8.4667,140.3333,75.67,90,24,9.95
540,Shigony,RU,2021-04-30 20:26:31,53.3875,48.6777,50.31,59,96,11.5
541,Weligama,LK,2021-04-30 20:26:31,5.9667,80.4167,78.26,86,100,2.01
542,Birjand,IR,2021-04-30 20:26:31,32.8663,59.2211,64.4,48,75,16.11
543,Moa,CU,2021-04-30 20:26:31,20.6569,-74.9403,84.02,57,22,13.42
544,Tezu,IN,2021-04-30 20:26:32,27.9167,96.1667,73.72,58,99,4.68
545,Kaitong,CN,2021-04-30 20:26:32,44.8135,123.15,44.15,31,100,5.59
546,Ambovombe,MG,2021-04-30 20:26:32,-25.1667,46.0833,69.35,76,81,7.18
547,Mutoko,ZW,2021-04-30 20:26:33,-17.397,32.2268,65.8,61,17,4.12
548,Mabaruma,GY,2021-04-30 20:26:33,8.2,-59.7833,84.6,61,59,6.38
549,Shubarkuduk,KZ,2021-04-30 20:25:59,49.1447,56.4872,50.31,44,7,7.29
550,Chernyshevskiy,RU,2021-04-30 20:26:33,63.0128,112.4714,29.37,97,100,5.21
551,Ulety,RU,2021-04-30 20:26:34,51.3572,112.4849,27.82,87,35,2.77
552,Carutapera,BR,2021-04-30 20:26:34,-1.195,-46.02,76.46,92,100,2.42
553,Basoko,CD,2021-04-30 20:26:34,1.2391,23.616,72.43,95,100,6.02
554,Cairns,AU,2021-04-30 20:26:35,-16.9167,145.7667,71.6,83,75,9.22
555,Gewane,ET,2021-04-30 20:26:35,10.1664,40.6453,75.49,74,13,3.06
556,Hami,CN,2021-04-30 20:26:35,42.8,93.45,72.7,13,32,4.38
557,Zhigalovo,RU,2021-04-30 20:26:35,54.8097,105.1578,34.07,93,100,2.48
558,Urzhum,RU,2021-04-30 20:26:36,57.1141,49.9996,47.71,69,100,16.62
559,Douglas,US,2021-04-30 20:24:31,41.3,-96.167,81.0,21,40,3.44
560,Teseney,ER,2021-04-30 20:26:36,15.11,36.6575,85.53,39,47,13.47
561,Chiang Klang,TH,2021-04-30 20:26:37,19.2938,100.8617,72.93,95,79,1.12
562,Najran,SA,2021-04-30 20:26:37,17.4924,44.1277,78.8,31,75,9.22
563,Khalkhal,IR,2021-04-30 20:26:37,37.6189,48.5258,50.25,84,100,3.87
564,Keetmanshoop,NA,2021-04-30 20:26:37,-26.5833,18.1333,55.4,33,0,2.3
565,Chapais,CA,2021-04-30 20:24:22,49.7834,-74.8492,59.0,36,75,12.66
566,Grants Pass,US,2021-04-30 20:26:38,42.439,-123.3284,71.6,21,1,2.33
